experiment_id,name,run_id,suite,features,feature_count,excluded_feature,scaler,C,penalty,test_roc_auc,test_pr_auc,test_f1,test_accuracy,test_brier_score,train_time_sec,status
1,baseline_all_7,7c62e16b660d4ff2ae3f7c5ee6dedb1b,baseline,"log_amount,spend_ratio,spend_pace,days_norm,anomaly_score,compliance_score,vendor_conc",7,none,standard,1.0,l2,0.9535,0.7927,0.6311,0.8861,0.0875,0.074,SUCCESS
2,loo_exclude_log_amount,967558010d9d40bca1e5b985e9d95205,leave_one_out,"spend_ratio,spend_pace,days_norm,anomaly_score,compliance_score,vendor_conc",6,log_amount,standard,1.0,l2,0.9533,0.7926,0.6334,0.8873,0.0877,0.229,SUCCESS
3,loo_exclude_spend_ratio,e1d902b7170046d6975c9319938121ac,leave_one_out,"log_amount,spend_pace,days_norm,anomaly_score,compliance_score,vendor_conc",6,spend_ratio,standard,1.0,l2,0.8851,0.4528,0.4445,0.7847,0.1467,0.042,SUCCESS
4,loo_exclude_spend_pace,75f12559fd9b40d6adb9b23783c38977,leave_one_out,"log_amount,spend_ratio,days_norm,anomaly_score,compliance_score,vendor_conc",6,spend_pace,standard,1.0,l2,0.9518,0.7852,0.6295,0.8858,0.0886,0.05,SUCCESS
5,loo_exclude_days_norm,29e42b65896c451fadc26abd23613c05,leave_one_out,"log_amount,spend_ratio,spend_pace,anomaly_score,compliance_score,vendor_conc",6,days_norm,standard,1.0,l2,0.9447,0.7417,0.6253,0.882,0.0951,0.041,SUCCESS
6,loo_exclude_anomaly_score,520c16c28a2942819b37dcdd20bfebff,leave_one_out,"log_amount,spend_ratio,spend_pace,days_norm,compliance_score,vendor_conc",6,anomaly_score,standard,1.0,l2,0.9222,0.8369,0.5506,0.8507,0.1022,0.036,SUCCESS
7,loo_exclude_compliance_score,cd92b71f37be444f8e2a4ff645664736,leave_one_out,"log_amount,spend_ratio,spend_pace,days_norm,anomaly_score,vendor_conc",6,compliance_score,standard,1.0,l2,0.856,0.3118,0.4591,0.7946,0.1627,0.034,SUCCESS
8,loo_exclude_vendor_conc,7fc997bde5af4b1a973c74bdca627325,leave_one_out,"log_amount,spend_ratio,spend_pace,days_norm,anomaly_score,compliance_score",6,vendor_conc,standard,1.0,l2,0.9513,0.7822,0.6246,0.8836,0.0898,0.05,SUCCESS
9,single_spend_ratio,1f7e287ac4644111a2a43ea5d51fd0e5,single_feature_in,spend_ratio,1,all_except_spend_ratio,standard,1.0,l2,0.3885,0.0814,0.2095,0.2663,0.2463,0.016,SUCCESS
10,single_spend_pace,3c2c2dd03d4f4a6bb8f19df86671f24f,single_feature_in,spend_pace,1,all_except_spend_pace,standard,1.0,l2,0.6571,0.1735,0.2506,0.7322,0.2395,0.053,SUCCESS
11,single_days_norm,51aac93dd38f48bcac02290f4bda2996,single_feature_in,days_norm,1,all_except_days_norm,standard,1.0,l2,0.7086,0.4998,0.2523,0.5811,0.216,0.014,SUCCESS
12,single_log_amount,1b672953b7ba420887d12e855554da64,single_feature_in,log_amount,1,all_except_log_amount,standard,1.0,l2,0.5471,0.1211,0.1993,0.5272,0.2483,0.015,SUCCESS
13,single_anomaly_score,99789d0b9f5e4b6aab005b9dcc2e5b6c,single_feature_in,anomaly_score,1,all_except_anomaly_score,standard,1.0,l2,0.773,0.1932,0.3121,0.7224,0.216,0.015,SUCCESS
14,single_compliance_score,4ffe6517cd694c3a9d05ae42a71da75a,single_feature_in,compliance_score,1,all_except_compliance_score,standard,1.0,l2,0.867,0.4186,0.6419,0.8986,0.1654,0.017,SUCCESS
15,single_vendor_conc,77e8c7d35720450abc3a56f9615d1efd,single_feature_in,vendor_conc,1,all_except_vendor_conc,standard,1.0,l2,0.5511,0.1091,0.2186,0.4343,0.2452,0.014,SUCCESS
16,pair_spend_ratio_days_norm,72ab874b6cfb4c339c5cdcc608cea200,pairwise_two_at_a_time,"spend_ratio,days_norm",2,pair_isolation,standard,1.0,l2,0.7391,0.5006,0.2686,0.5953,0.2101,0.029,SUCCESS
17,pair_spend_ratio_spend_pace,c743a9c264d14db2983e2667f3c7b35f,pairwise_two_at_a_time,"spend_ratio,spend_pace",2,pair_isolation,standard,1.0,l2,0.6465,0.1716,0.2308,0.4493,0.2392,0.02,SUCCESS
18,pair_spend_pace_days_norm,4ecec5ef201f4345a75fe501608a2624,pairwise_two_at_a_time,"spend_pace,days_norm",2,pair_isolation,standard,1.0,l2,0.7104,0.4049,0.2674,0.6114,0.2133,0.029,SUCCESS
19,pair_spend_ratio_log_amount,502ac812f53a4a259987312dd3880ce6,pairwise_two_at_a_time,"spend_ratio,log_amount",2,pair_isolation,standard,1.0,l2,0.5896,0.1279,0.2125,0.3816,0.2443,0.019,SUCCESS
20,pair_spend_ratio_anomaly_score,a44d116b3d6f4858850c38471353c1ff,pairwise_two_at_a_time,"spend_ratio,anomaly_score",2,pair_isolation,standard,1.0,l2,0.8246,0.2405,0.4052,0.7553,0.1916,0.021,SUCCESS
21,pair_spend_pace_compliance_score,aa2f27051e1c4d82a53ddeed09ee8385,pairwise_two_at_a_time,"spend_pace,compliance_score",2,pair_isolation,standard,1.0,l2,0.8827,0.6189,0.5379,0.855,0.1591,0.061,SUCCESS
22,pair_days_norm_compliance_score,4e62060449854fcc91f2bc163158c894,pairwise_two_at_a_time,"days_norm,compliance_score",2,pair_isolation,standard,1.0,l2,0.8556,0.5413,0.518,0.847,0.1558,0.02,SUCCESS
23,pair_anomaly_score_vendor_conc,e1ab70b4b27e41c78d0dbed206acad66,pairwise_two_at_a_time,"anomaly_score,vendor_conc",2,pair_isolation,standard,1.0,l2,0.7739,0.1948,0.3183,0.7249,0.2149,0.032,SUCCESS
24,tuning_C001_l2,023a9badc5e04de6a1396fa3bc457310,hyperparameter_tuning,"log_amount,spend_ratio,spend_pace,days_norm,anomaly_score,compliance_score,vendor_conc",7,none,standard,0.01,l2,0.9533,0.799,0.6331,0.8869,0.0887,0.045,SUCCESS
25,tuning_C10_l2,11ba41f11fed4f9a8b047a91c78971be,hyperparameter_tuning,"log_amount,spend_ratio,spend_pace,days_norm,anomaly_score,compliance_score,vendor_conc",7,none,standard,10.0,l2,0.9535,0.7926,0.6311,0.8861,0.0875,0.074,SUCCESS
26,tuning_C1_l1_liblinear,0a447d7d9dc242539072fa3aabc2e62f,hyperparameter_tuning,"log_amount,spend_ratio,spend_pace,days_norm,anomaly_score,compliance_score,vendor_conc",7,none,standard,1.0,l1,0.9535,0.7926,0.6316,0.8862,0.0875,0.365,SUCCESS
27,tuning_robust_scaler,e1256366b7e94126b09ccd01d2734393,hyperparameter_tuning,"log_amount,spend_ratio,spend_pace,days_norm,anomaly_score,compliance_score,vendor_conc",7,none,robust,1.0,l2,0.9535,0.7925,0.6309,0.886,0.0875,0.677,SUCCESS
